{"count":1,"gauges":{"BreakoutNew.CumulativeReward":{"count":9,"max":20.6000385,"min":3.499998,"value":3.499998,"weightedAverage":8.318317}},"self":16.5953712,"total":16.922250299999998,"children":{"AgentSendState":{"count":796,"self":0.24092039999999998,"total":0.30087349999999996,"children":{"CollectObservations":{"count":160,"self":0.0009995,"total":0.0009995,"children":null},"CollectDiscreteActionMasks":{"count":160,"self":0.0029987,"total":0.0029987,"children":null},"RayPerceptionSensor.Perceive":{"count":320,"self":0.055954899999999995,"total":0.055954899999999995,"children":null}}},"DecideAction":{"count":796,"self":0.0069974,"total":0.0069974,"children":null},"AgentAct":{"count":796,"self":0.0139914,"total":0.0139914,"children":null},"RayPerceptionSensor.Perceive":{"count":18,"self":0.002999,"total":0.002999,"children":null}}}